"path","classification","reason"
"app/Helpers/MenuHelper.php","DEMO_UNUSED","Only referenced by removed TailAdmin route/view/component graph; no active Besofton route, view, Blade component, Vite entry or import."
"app/Http/Controllers/DashboardController.php","DEMO_UNUSED","Only referenced by removed TailAdmin route/view/component graph; no active Besofton route, view, Blade component, Vite entry or import."
"app/Http/Controllers/SidebarController.php","DEMO_UNUSED","Only referenced by removed TailAdmin route/view/component graph; no active Besofton route, view, Blade component, Vite entry or import."
"app/View/Components/CalenderArea.php","DEMO_UNUSED","Only referenced by removed TailAdmin route/view/component graph; no active Besofton route, view, Blade component, Vite entry or import."
"app/View/Components/common/CommonGridShape.php","DEMO_UNUSED","Only referenced by removed TailAdmin route/view/component graph; no active Besofton route, view, Blade component, Vite entry or import."
"app/View/Components/common/ComponentCard.php","DEMO_UNUSED","Only referenced by removed TailAdmin route/view/component graph; no active Besofton route, view, Blade component, Vite entry or import."
"app/View/Components/common/DropdownMenu.php","DEMO_UNUSED","Only referenced by removed TailAdmin route/view/component graph; no active Besofton route, view, Blade component, Vite entry or import."
"app/View/Components/common/PageBreadcrumb.php","DEMO_UNUSED","Only referenced by removed TailAdmin route/view/component graph; no active Besofton route, view, Blade component, Vite entry or import."
"app/View/Components/common/Preloader.php","DEMO_UNUSED","Only referenced by removed TailAdmin route/view/component graph; no active Besofton route, view, Blade component, Vite entry or import."
"app/View/Components/common/TableDropdown.php","DEMO_UNUSED","Only referenced by removed TailAdmin route/view/component graph; no active Besofton route, view, Blade component, Vite entry or import."
"app/View/Components/common/ThemeToggle.php","DEMO_UNUSED","Only referenced by removed TailAdmin route/view/component graph; no active Besofton route, view, Blade component, Vite entry or import."
"app/View/Components/ecommerce/CustomerDemographic.php","DEMO_UNUSED","Only referenced by removed TailAdmin route/view/component graph; no active Besofton route, view, Blade component, Vite entry or import."
"app/View/Components/ecommerce/EcommerceMetrics.php","DEMO_UNUSED","Only referenced by removed TailAdmin route/view/component graph; no active Besofton route, view, Blade component, Vite entry or import."
"app/View/Components/ecommerce/MonthlySale.php","DEMO_UNUSED","Only referenced by removed TailAdmin route/view/component graph; no active Besofton route, view, Blade component, Vite entry or import."
"app/View/Components/ecommerce/MonthlyTarget.php","DEMO_UNUSED","Only referenced by removed TailAdmin route/view/component graph; no active Besofton route, view, Blade component, Vite entry or import."
"app/View/Components/ecommerce/RecentOrders.php","DEMO_UNUSED","Only referenced by removed TailAdmin route/view/component graph; no active Besofton route, view, Blade component, Vite entry or import."
"app/View/Components/ecommerce/StatisticsChart.php","DEMO_UNUSED","Only referenced by removed TailAdmin route/view/component graph; no active Besofton route, view, Blade component, Vite entry or import."
"app/View/Components/form/DatePicker.php","DEMO_UNUSED","Only referenced by removed TailAdmin route/view/component graph; no active Besofton route, view, Blade component, Vite entry or import."
"app/View/Components/form/FormElements/CheckboxComponent.php","DEMO_UNUSED","Only referenced by removed TailAdmin route/view/component graph; no active Besofton route, view, Blade component, Vite entry or import."
"app/View/Components/form/FormElements/DefaultInputs.php","DEMO_UNUSED","Only referenced by removed TailAdmin route/view/component graph; no active Besofton route, view, Blade component, Vite entry or import."
"app/View/Components/form/FormElements/Dropzone.php","DEMO_UNUSED","Only referenced by removed TailAdmin route/view/component graph; no active Besofton route, view, Blade component, Vite entry or import."
"app/View/Components/form/FormElements/FileInputExample.php","DEMO_UNUSED","Only referenced by removed TailAdmin route/view/component graph; no active Besofton route, view, Blade component, Vite entry or import."
"app/View/Components/form/FormElements/InputGroup.php","DEMO_UNUSED","Only referenced by removed TailAdmin route/view/component graph; no active Besofton route, view, Blade component, Vite entry or import."
"app/View/Components/form/FormElements/InputStates.php","DEMO_UNUSED","Only referenced by removed TailAdmin route/view/component graph; no active Besofton route, view, Blade component, Vite entry or import."
"app/View/Components/form/FormElements/RadioButtons.php","DEMO_UNUSED","Only referenced by removed TailAdmin route/view/component graph; no active Besofton route, view, Blade component, Vite entry or import."
"app/View/Components/form/FormElements/SelectInputs.php","DEMO_UNUSED","Only referenced by removed TailAdmin route/view/component graph; no active Besofton route, view, Blade component, Vite entry or import."
"app/View/Components/form/FormElements/TextAreaInputs.php","DEMO_UNUSED","Only referenced by removed TailAdmin route/view/component graph; no active Besofton route, view, Blade component, Vite entry or import."
"app/View/Components/form/FormElements/ToggleSwitch.php","DEMO_UNUSED","Only referenced by removed TailAdmin route/view/component graph; no active Besofton route, view, Blade component, Vite entry or import."
"app/View/Components/form/input/Radio.php","DEMO_UNUSED","Only referenced by removed TailAdmin route/view/component graph; no active Besofton route, view, Blade component, Vite entry or import."
"app/View/Components/form/select/MultipleSelect.php","DEMO_UNUSED","Only referenced by removed TailAdmin route/view/component graph; no active Besofton route, view, Blade component, Vite entry or import."
"app/View/Components/header/NotificationDropdown.php","DEMO_UNUSED","Only referenced by removed TailAdmin route/view/component graph; no active Besofton route, view, Blade component, Vite entry or import."
"app/View/Components/header/UserDropdown.php","DEMO_UNUSED","Only referenced by removed TailAdmin route/view/component graph; no active Besofton route, view, Blade component, Vite entry or import."
"app/View/Components/profile/AddressCard.php","DEMO_UNUSED","Only referenced by removed TailAdmin route/view/component graph; no active Besofton route, view, Blade component, Vite entry or import."
"app/View/Components/profile/PersonalInfoCard.php","DEMO_UNUSED","Only referenced by removed TailAdmin route/view/component graph; no active Besofton route, view, Blade component, Vite entry or import."
"app/View/Components/profile/ProfileCard.php","DEMO_UNUSED","Only referenced by removed TailAdmin route/view/component graph; no active Besofton route, view, Blade component, Vite entry or import."
"app/View/Components/tables/BasicTables/BasicTablesFive.php","DEMO_UNUSED","Only referenced by removed TailAdmin route/view/component graph; no active Besofton route, view, Blade component, Vite entry or import."
"app/View/Components/tables/BasicTables/BasicTablesFour.php","DEMO_UNUSED","Only referenced by removed TailAdmin route/view/component graph; no active Besofton route, view, Blade component, Vite entry or import."
"app/View/Components/tables/BasicTables/BasicTablesOne.php","DEMO_UNUSED","Only referenced by removed TailAdmin route/view/component graph; no active Besofton route, view, Blade component, Vite entry or import."
"app/View/Components/tables/BasicTables/BasicTablesThree.php","DEMO_UNUSED","Only referenced by removed TailAdmin route/view/component graph; no active Besofton route, view, Blade component, Vite entry or import."
"app/View/Components/tables/BasicTables/BasicTablesTwo.php","DEMO_UNUSED","Only referenced by removed TailAdmin route/view/component graph; no active Besofton route, view, Blade component, Vite entry or import."
"app/View/Components/ui/Alert.php","DEMO_UNUSED","Only referenced by removed TailAdmin route/view/component graph; no active Besofton route, view, Blade component, Vite entry or import."
"app/View/Components/ui/Avatar.php","DEMO_UNUSED","Only referenced by removed TailAdmin route/view/component graph; no active Besofton route, view, Blade component, Vite entry or import."
"app/View/Components/ui/Badge.php","DEMO_UNUSED","Only referenced by removed TailAdmin route/view/component graph; no active Besofton route, view, Blade component, Vite entry or import."
"app/View/Components/ui/Button.php","DEMO_UNUSED","Only referenced by removed TailAdmin route/view/component graph; no active Besofton route, view, Blade component, Vite entry or import."
"app/View/Components/ui/Modal.php","DEMO_UNUSED","Only referenced by removed TailAdmin route/view/component graph; no active Besofton route, view, Blade component, Vite entry or import."
"app/View/Components/ui/YoutubeEmbed.php","DEMO_UNUSED","Only referenced by removed TailAdmin route/view/component graph; no active Besofton route, view, Blade component, Vite entry or import."
"public/favicon.ico","SHARED","Browser conventional fallback; retained."
"public/favicon.svg","USED","Active application entrypoint or referenced asset."
"public/images/ai/img-lg.png","UNCERTAIN","No static active reference, but persisted media/content/settings or profile paths can resolve public images dynamically; retained."
"public/images/ai/img-md-1.png","UNCERTAIN","No static active reference, but persisted media/content/settings or profile paths can resolve public images dynamically; retained."
"public/images/ai/img-md-2.png","UNCERTAIN","No static active reference, but persisted media/content/settings or profile paths can resolve public images dynamically; retained."
"public/images/ai/video-thumb.png","UNCERTAIN","No static active reference, but persisted media/content/settings or profile paths can resolve public images dynamically; retained."
"public/images/brand/brand-01.svg","UNCERTAIN","No static active reference, but persisted media/content/settings or profile paths can resolve public images dynamically; retained."
"public/images/brand/brand-02.svg","UNCERTAIN","No static active reference, but persisted media/content/settings or profile paths can resolve public images dynamically; retained."
"public/images/brand/brand-03.svg","UNCERTAIN","No static active reference, but persisted media/content/settings or profile paths can resolve public images dynamically; retained."
"public/images/brand/brand-04.svg","UNCERTAIN","No static active reference, but persisted media/content/settings or profile paths can resolve public images dynamically; retained."
"public/images/brand/brand-05.svg","UNCERTAIN","No static active reference, but persisted media/content/settings or profile paths can resolve public images dynamically; retained."
"public/images/brand/brand-06.svg","UNCERTAIN","No static active reference, but persisted media/content/settings or profile paths can resolve public images dynamically; retained."
"public/images/brand/brand-07.svg","UNCERTAIN","No static active reference, but persisted media/content/settings or profile paths can resolve public images dynamically; retained."
"public/images/brand/brand-08.svg","UNCERTAIN","No static active reference, but persisted media/content/settings or profile paths can resolve public images dynamically; retained."
"public/images/brand/brand-09.svg","UNCERTAIN","No static active reference, but persisted media/content/settings or profile paths can resolve public images dynamically; retained."
"public/images/brand/brand-10.svg","UNCERTAIN","No static active reference, but persisted media/content/settings or profile paths can resolve public images dynamically; retained."
"public/images/brand/brand-11.svg","UNCERTAIN","No static active reference, but persisted media/content/settings or profile paths can resolve public images dynamically; retained."
"public/images/brand/brand-12.svg","UNCERTAIN","No static active reference, but persisted media/content/settings or profile paths can resolve public images dynamically; retained."
"public/images/brand/brand-13.svg","UNCERTAIN","No static active reference, but persisted media/content/settings or profile paths can resolve public images dynamically; retained."
"public/images/brand/brand-14.svg","UNCERTAIN","No static active reference, but persisted media/content/settings or profile paths can resolve public images dynamically; retained."
"public/images/brand/brand-15.svg","UNCERTAIN","No static active reference, but persisted media/content/settings or profile paths can resolve public images dynamically; retained."
"public/images/cards/card-01.jpg","UNCERTAIN","No static active reference, but persisted media/content/settings or profile paths can resolve public images dynamically; retained."
"public/images/cards/card-01.png","UNCERTAIN","No static active reference, but persisted media/content/settings or profile paths can resolve public images dynamically; retained."
"public/images/cards/card-02.jpg","UNCERTAIN","No static active reference, but persisted media/content/settings or profile paths can resolve public images dynamically; retained."
"public/images/cards/card-02.png","UNCERTAIN","No static active reference, but persisted media/content/settings or profile paths can resolve public images dynamically; retained."
"public/images/cards/card-03.jpg","UNCERTAIN","No static active reference, but persisted media/content/settings or profile paths can resolve public images dynamically; retained."
"public/images/cards/card-03.png","UNCERTAIN","No static active reference, but persisted media/content/settings or profile paths can resolve public images dynamically; retained."
"public/images/carousel/carousel-01.png","UNCERTAIN","No static active reference, but persisted media/content/settings or profile paths can resolve public images dynamically; retained."
"public/images/carousel/carousel-02.png","UNCERTAIN","No static active reference, but persisted media/content/settings or profile paths can resolve public images dynamically; retained."
"public/images/carousel/carousel-03.png","UNCERTAIN","No static active reference, but persisted media/content/settings or profile paths can resolve public images dynamically; retained."
"public/images/carousel/carousel-04.png","UNCERTAIN","No static active reference, but persisted media/content/settings or profile paths can resolve public images dynamically; retained."
"public/images/chat/chat.jpg","UNCERTAIN","No static active reference, but persisted media/content/settings or profile paths can resolve public images dynamically; retained."
"public/images/country/country-01.svg","UNCERTAIN","No static active reference, but persisted media/content/settings or profile paths can resolve public images dynamically; retained."
"public/images/country/country-02.svg","UNCERTAIN","No static active reference, but persisted media/content/settings or profile paths can resolve public images dynamically; retained."
"public/images/country/country-03.svg","UNCERTAIN","No static active reference, but persisted media/content/settings or profile paths can resolve public images dynamically; retained."
"public/images/country/country-04.svg","UNCERTAIN","No static active reference, but persisted media/content/settings or profile paths can resolve public images dynamically; retained."
"public/images/country/country-05.svg","UNCERTAIN","No static active reference, but persisted media/content/settings or profile paths can resolve public images dynamically; retained."
"public/images/country/country-06.svg","UNCERTAIN","No static active reference, but persisted media/content/settings or profile paths can resolve public images dynamically; retained."
"public/images/country/country-07.svg","UNCERTAIN","No static active reference, but persisted media/content/settings or profile paths can resolve public images dynamically; retained."
"public/images/country/country-08.svg","UNCERTAIN","No static active reference, but persisted media/content/settings or profile paths can resolve public images dynamically; retained."
"public/images/error/404.svg","UNCERTAIN","No static active reference, but persisted media/content/settings or profile paths can resolve public images dynamically; retained."
"public/images/error/404-dark.svg","UNCERTAIN","No static active reference, but persisted media/content/settings or profile paths can resolve public images dynamically; retained."
"public/images/error/500.svg","UNCERTAIN","No static active reference, but persisted media/content/settings or profile paths can resolve public images dynamically; retained."
"public/images/error/500-dark.svg","UNCERTAIN","No static active reference, but persisted media/content/settings or profile paths can resolve public images dynamically; retained."
"public/images/error/503.svg","UNCERTAIN","No static active reference, but persisted media/content/settings or profile paths can resolve public images dynamically; retained."
"public/images/error/503-dark.svg","UNCERTAIN","No static active reference, but persisted media/content/settings or profile paths can resolve public images dynamically; retained."
"public/images/error/maintenance.svg","UNCERTAIN","No static active reference, but persisted media/content/settings or profile paths can resolve public images dynamically; retained."
"public/images/error/maintenance-dark.svg","UNCERTAIN","No static active reference, but persisted media/content/settings or profile paths can resolve public images dynamically; retained."
"public/images/error/success.svg","UNCERTAIN","No static active reference, but persisted media/content/settings or profile paths can resolve public images dynamically; retained."
"public/images/error/success-dark.svg","UNCERTAIN","No static active reference, but persisted media/content/settings or profile paths can resolve public images dynamically; retained."
"public/images/grid-image/image-01.png","UNCERTAIN","No static active reference, but persisted media/content/settings or profile paths can resolve public images dynamically; retained."
"public/images/grid-image/image-02.png","UNCERTAIN","No static active reference, but persisted media/content/settings or profile paths can resolve public images dynamically; retained."
"public/images/grid-image/image-03.png","UNCERTAIN","No static active reference, but persisted media/content/settings or profile paths can resolve public images dynamically; retained."
"public/images/grid-image/image-04.png","UNCERTAIN","No static active reference, but persisted media/content/settings or profile paths can resolve public images dynamically; retained."
"public/images/grid-image/image-05.png","UNCERTAIN","No static active reference, but persisted media/content/settings or profile paths can resolve public images dynamically; retained."
"public/images/grid-image/image-06.png","UNCERTAIN","No static active reference, but persisted media/content/settings or profile paths can resolve public images dynamically; retained."
"public/images/icons/file-image.svg","UNCERTAIN","No static active reference, but persisted media/content/settings or profile paths can resolve public images dynamically; retained."
"public/images/icons/file-image-dark.svg","UNCERTAIN","No static active reference, but persisted media/content/settings or profile paths can resolve public images dynamically; retained."
"public/images/icons/file-pdf.svg","UNCERTAIN","No static active reference, but persisted media/content/settings or profile paths can resolve public images dynamically; retained."
"public/images/icons/file-pdf-dark.svg","UNCERTAIN","No static active reference, but persisted media/content/settings or profile paths can resolve public images dynamically; retained."
"public/images/icons/file-video.svg","UNCERTAIN","No static active reference, but persisted media/content/settings or profile paths can resolve public images dynamically; retained."
"public/images/icons/file-video-dark.svg","UNCERTAIN","No static active reference, but persisted media/content/settings or profile paths can resolve public images dynamically; retained."
"public/images/logistics/avatar-1.png","UNCERTAIN","No static active reference, but persisted media/content/settings or profile paths can resolve public images dynamically; retained."
"public/images/logistics/truck.png","UNCERTAIN","No static active reference, but persisted media/content/settings or profile paths can resolve public images dynamically; retained."
"public/images/logo/auth-logo.svg","UNCERTAIN","No static active reference, but persisted media/content/settings or profile paths can resolve public images dynamically; retained."
"public/images/logo/logo.svg","UNCERTAIN","No static active reference, but persisted media/content/settings or profile paths can resolve public images dynamically; retained."
"public/images/logo/logo-dark.svg","UNCERTAIN","No static active reference, but persisted media/content/settings or profile paths can resolve public images dynamically; retained."
"public/images/logo/logo-icon.svg","UNCERTAIN","No static active reference, but persisted media/content/settings or profile paths can resolve public images dynamically; retained."
"public/images/product/product-01.jpg","UNCERTAIN","No static active reference, but persisted media/content/settings or profile paths can resolve public images dynamically; retained."
"public/images/product/product-02.jpg","UNCERTAIN","No static active reference, but persisted media/content/settings or profile paths can resolve public images dynamically; retained."
"public/images/product/product-03.jpg","UNCERTAIN","No static active reference, but persisted media/content/settings or profile paths can resolve public images dynamically; retained."
"public/images/product/product-04.jpg","UNCERTAIN","No static active reference, but persisted media/content/settings or profile paths can resolve public images dynamically; retained."
"public/images/product/product-05.jpg","UNCERTAIN","No static active reference, but persisted media/content/settings or profile paths can resolve public images dynamically; retained."
"public/images/shape/grid-01.svg","UNCERTAIN","No static active reference, but persisted media/content/settings or profile paths can resolve public images dynamically; retained."
"public/images/support/user-1.jpg","UNCERTAIN","No static active reference, but persisted media/content/settings or profile paths can resolve public images dynamically; retained."
"public/images/support/user-2.jpg","UNCERTAIN","No static active reference, but persisted media/content/settings or profile paths can resolve public images dynamically; retained."
"public/images/task/google-drive.svg","UNCERTAIN","No static active reference, but persisted media/content/settings or profile paths can resolve public images dynamically; retained."
"public/images/task/pdf.svg","UNCERTAIN","No static active reference, but persisted media/content/settings or profile paths can resolve public images dynamically; retained."
"public/images/task/task.jpg","UNCERTAIN","No static active reference, but persisted media/content/settings or profile paths can resolve public images dynamically; retained."
"public/images/task/task.png","UNCERTAIN","No static active reference, but persisted media/content/settings or profile paths can resolve public images dynamically; retained."
"public/images/user/owner.jpg","USED","User profile_photo_url fallback in app/Models/User.php."
"public/images/user/owner.png","UNCERTAIN","No static active reference, but persisted media/content/settings or profile paths can resolve public images dynamically; retained."
"public/images/user/owner.webp","UNCERTAIN","No static active reference, but persisted media/content/settings or profile paths can resolve public images dynamically; retained."
"public/images/user/user-01.jpg","UNCERTAIN","No static active reference, but persisted media/content/settings or profile paths can resolve public images dynamically; retained."
"public/images/user/user-02.jpg","UNCERTAIN","No static active reference, but persisted media/content/settings or profile paths can resolve public images dynamically; retained."
"public/images/user/user-03.jpg","UNCERTAIN","No static active reference, but persisted media/content/settings or profile paths can resolve public images dynamically; retained."
"public/images/user/user-04.jpg","UNCERTAIN","No static active reference, but persisted media/content/settings or profile paths can resolve public images dynamically; retained."
"public/images/user/user-05.jpg","UNCERTAIN","No static active reference, but persisted media/content/settings or profile paths can resolve public images dynamically; retained."
"public/images/user/user-06.jpg","UNCERTAIN","No static active reference, but persisted media/content/settings or profile paths can resolve public images dynamically; retained."
"public/images/user/user-07.jpg","UNCERTAIN","No static active reference, but persisted media/content/settings or profile paths can resolve public images dynamically; retained."
"public/images/user/user-08.jpg","UNCERTAIN","No static active reference, but persisted media/content/settings or profile paths can resolve public images dynamically; retained."
"public/images/user/user-09.jpg","UNCERTAIN","No static active reference, but persisted media/content/settings or profile paths can resolve public images dynamically; retained."
"public/images/user/user-10.jpg","UNCERTAIN","No static active reference, but persisted media/content/settings or profile paths can resolve public images dynamically; retained."
"public/images/user/user-11.jpg","UNCERTAIN","No static active reference, but persisted media/content/settings or profile paths can resolve public images dynamically; retained."
"public/images/user/user-12.jpg","UNCERTAIN","No static active reference, but persisted media/content/settings or profile paths can resolve public images dynamically; retained."
"public/images/user/user-13.jpg","UNCERTAIN","No static active reference, but persisted media/content/settings or profile paths can resolve public images dynamically; retained."
"public/images/user/user-14.jpg","UNCERTAIN","No static active reference, but persisted media/content/settings or profile paths can resolve public images dynamically; retained."
"public/images/user/user-15.jpg","UNCERTAIN","No static active reference, but persisted media/content/settings or profile paths can resolve public images dynamically; retained."
"public/images/user/user-16.jpg","UNCERTAIN","No static active reference, but persisted media/content/settings or profile paths can resolve public images dynamically; retained."
"public/images/user/user-17.jpg","UNCERTAIN","No static active reference, but persisted media/content/settings or profile paths can resolve public images dynamically; retained."
"public/images/user/user-18.jpg","UNCERTAIN","No static active reference, but persisted media/content/settings or profile paths can resolve public images dynamically; retained."
"public/images/user/user-19.jpg","UNCERTAIN","No static active reference, but persisted media/content/settings or profile paths can resolve public images dynamically; retained."
"public/images/user/user-20.jpg","UNCERTAIN","No static active reference, but persisted media/content/settings or profile paths can resolve public images dynamically; retained."
"public/images/user/user-21.jpg","UNCERTAIN","No static active reference, but persisted media/content/settings or profile paths can resolve public images dynamically; retained."
"public/images/user/user-22.jpg","UNCERTAIN","No static active reference, but persisted media/content/settings or profile paths can resolve public images dynamically; retained."
"public/images/user/user-23.jpg","UNCERTAIN","No static active reference, but persisted media/content/settings or profile paths can resolve public images dynamically; retained."
"public/images/user/user-24.jpg","UNCERTAIN","No static active reference, but persisted media/content/settings or profile paths can resolve public images dynamically; retained."
"public/images/user/user-25.jpg","UNCERTAIN","No static active reference, but persisted media/content/settings or profile paths can resolve public images dynamically; retained."
"public/images/user/user-26.jpg","UNCERTAIN","No static active reference, but persisted media/content/settings or profile paths can resolve public images dynamically; retained."
"public/images/user/user-27.jpg","UNCERTAIN","No static active reference, but persisted media/content/settings or profile paths can resolve public images dynamically; retained."
"public/images/user/user-28.jpg","UNCERTAIN","No static active reference, but persisted media/content/settings or profile paths can resolve public images dynamically; retained."
"public/images/user/user-29.jpg","UNCERTAIN","No static active reference, but persisted media/content/settings or profile paths can resolve public images dynamically; retained."
"public/images/user/user-30.jpg","UNCERTAIN","No static active reference, but persisted media/content/settings or profile paths can resolve public images dynamically; retained."
"public/images/user/user-31.jpg","UNCERTAIN","No static active reference, but persisted media/content/settings or profile paths can resolve public images dynamically; retained."
"public/images/user/user-32.jpg","UNCERTAIN","No static active reference, but persisted media/content/settings or profile paths can resolve public images dynamically; retained."
"public/images/user/user-33.jpg","UNCERTAIN","No static active reference, but persisted media/content/settings or profile paths can resolve public images dynamically; retained."
"public/images/user/user-34.jpg","UNCERTAIN","No static active reference, but persisted media/content/settings or profile paths can resolve public images dynamically; retained."
"public/images/user/user-35.jpg","UNCERTAIN","No static active reference, but persisted media/content/settings or profile paths can resolve public images dynamically; retained."
"public/images/user/user-36.jpg","UNCERTAIN","No static active reference, but persisted media/content/settings or profile paths can resolve public images dynamically; retained."
"public/images/user/user-37.jpg","UNCERTAIN","No static active reference, but persisted media/content/settings or profile paths can resolve public images dynamically; retained."
"public/images/video-thumb/thumb-16.png","UNCERTAIN","No static active reference, but persisted media/content/settings or profile paths can resolve public images dynamically; retained."
"public/images/video-thumb/youtube-icon-84.svg","UNCERTAIN","No static active reference, but persisted media/content/settings or profile paths can resolve public images dynamically; retained."
"resources/css/app.css","USED","Active application entrypoint or referenced asset."
"resources/js/app.js","USED","Active application entrypoint or referenced asset."
"resources/js/bootstrap.js","SHARED","Imported by active app.js."
"resources/js/components/calendar-init.js","DEMO_UNUSED","Only referenced by removed TailAdmin route/view/component graph; no active Besofton route, view, Blade component, Vite entry or import."
"resources/js/components/chart/chart-1.js","DEMO_UNUSED","Only referenced by removed TailAdmin route/view/component graph; no active Besofton route, view, Blade component, Vite entry or import."
"resources/js/components/chart/chart-13.js","DEMO_UNUSED","Only referenced by removed TailAdmin route/view/component graph; no active Besofton route, view, Blade component, Vite entry or import."
"resources/js/components/chart/chart-2.js","DEMO_UNUSED","Only referenced by removed TailAdmin route/view/component graph; no active Besofton route, view, Blade component, Vite entry or import."
"resources/js/components/chart/chart-3.js","DEMO_UNUSED","Only referenced by removed TailAdmin route/view/component graph; no active Besofton route, view, Blade component, Vite entry or import."
"resources/js/components/chart/chart-6.js","DEMO_UNUSED","Only referenced by removed TailAdmin route/view/component graph; no active Besofton route, view, Blade component, Vite entry or import."
"resources/js/components/chart/chart-8.js","DEMO_UNUSED","Only referenced by removed TailAdmin route/view/component graph; no active Besofton route, view, Blade component, Vite entry or import."
"resources/js/components/map.js","DEMO_UNUSED","Only referenced by removed TailAdmin route/view/component graph; no active Besofton route, view, Blade component, Vite entry or import."
"resources/js/numeric-mask.js","USED","Active application entrypoint or referenced asset."
"resources/views/components/calender-area.blade.php","DEMO_UNUSED","Only referenced by removed TailAdmin route/view/component graph; no active Besofton route, view, Blade component, Vite entry or import."
"resources/views/components/common/common-grid-shape.blade.php","DEMO_UNUSED","Only referenced by removed TailAdmin route/view/component graph; no active Besofton route, view, Blade component, Vite entry or import."
"resources/views/components/common/component-card.blade.php","DEMO_UNUSED","Only referenced by removed TailAdmin route/view/component graph; no active Besofton route, view, Blade component, Vite entry or import."
"resources/views/components/common/dropdown-menu.blade.php","DEMO_UNUSED","Only referenced by removed TailAdmin route/view/component graph; no active Besofton route, view, Blade component, Vite entry or import."
"resources/views/components/common/page-breadcrumb.blade.php","DEMO_UNUSED","Only referenced by removed TailAdmin route/view/component graph; no active Besofton route, view, Blade component, Vite entry or import."
"resources/views/components/common/preloader.blade.php","DEMO_UNUSED","Only referenced by removed TailAdmin route/view/component graph; no active Besofton route, view, Blade component, Vite entry or import."
"resources/views/components/common/table-dropdown.blade.php","DEMO_UNUSED","Only referenced by removed TailAdmin route/view/component graph; no active Besofton route, view, Blade component, Vite entry or import."
"resources/views/components/common/theme-toggle.blade.php","DEMO_UNUSED","Only referenced by removed TailAdmin route/view/component graph; no active Besofton route, view, Blade component, Vite entry or import."
"resources/views/components/ecommerce/customer-demographic.blade.php","DEMO_UNUSED","Only referenced by removed TailAdmin route/view/component graph; no active Besofton route, view, Blade component, Vite entry or import."
"resources/views/components/ecommerce/ecommerce-metrics.blade.php","DEMO_UNUSED","Only referenced by removed TailAdmin route/view/component graph; no active Besofton route, view, Blade component, Vite entry or import."
"resources/views/components/ecommerce/monthly-sale.blade.php","DEMO_UNUSED","Only referenced by removed TailAdmin route/view/component graph; no active Besofton route, view, Blade component, Vite entry or import."
"resources/views/components/ecommerce/monthly-target.blade.php","DEMO_UNUSED","Only referenced by removed TailAdmin route/view/component graph; no active Besofton route, view, Blade component, Vite entry or import."
"resources/views/components/ecommerce/recent-orders.blade.php","DEMO_UNUSED","Only referenced by removed TailAdmin route/view/component graph; no active Besofton route, view, Blade component, Vite entry or import."
"resources/views/components/ecommerce/statistics-chart.blade.php","DEMO_UNUSED","Only referenced by removed TailAdmin route/view/component graph; no active Besofton route, view, Blade component, Vite entry or import."
"resources/views/components/form/date-picker.blade.php","DEMO_UNUSED","Only referenced by removed TailAdmin route/view/component graph; no active Besofton route, view, Blade component, Vite entry or import."
"resources/views/components/form/form-elements/checkbox-component.blade.php","DEMO_UNUSED","Only referenced by removed TailAdmin route/view/component graph; no active Besofton route, view, Blade component, Vite entry or import."
"resources/views/components/form/form-elements/default-inputs.blade.php","DEMO_UNUSED","Only referenced by removed TailAdmin route/view/component graph; no active Besofton route, view, Blade component, Vite entry or import."
"resources/views/components/form/form-elements/dropzone.blade.php","DEMO_UNUSED","Only referenced by removed TailAdmin route/view/component graph; no active Besofton route, view, Blade component, Vite entry or import."
"resources/views/components/form/form-elements/file-input-example.blade.php","DEMO_UNUSED","Only referenced by removed TailAdmin route/view/component graph; no active Besofton route, view, Blade component, Vite entry or import."
"resources/views/components/form/form-elements/input-group.blade.php","DEMO_UNUSED","Only referenced by removed TailAdmin route/view/component graph; no active Besofton route, view, Blade component, Vite entry or import."
"resources/views/components/form/form-elements/input-states.blade.php","DEMO_UNUSED","Only referenced by removed TailAdmin route/view/component graph; no active Besofton route, view, Blade component, Vite entry or import."
"resources/views/components/form/form-elements/radio-buttons.blade.php","DEMO_UNUSED","Only referenced by removed TailAdmin route/view/component graph; no active Besofton route, view, Blade component, Vite entry or import."
"resources/views/components/form/form-elements/select-inputs.blade.php","DEMO_UNUSED","Only referenced by removed TailAdmin route/view/component graph; no active Besofton route, view, Blade component, Vite entry or import."
"resources/views/components/form/form-elements/text-area-inputs.blade.php","DEMO_UNUSED","Only referenced by removed TailAdmin route/view/component graph; no active Besofton route, view, Blade component, Vite entry or import."
"resources/views/components/form/form-elements/toggle-switch.blade.php","DEMO_UNUSED","Only referenced by removed TailAdmin route/view/component graph; no active Besofton route, view, Blade component, Vite entry or import."
"resources/views/components/form/input/radio.blade.php","DEMO_UNUSED","Only referenced by removed TailAdmin route/view/component graph; no active Besofton route, view, Blade component, Vite entry or import."
"resources/views/components/form/select/multiple-select.blade.php","DEMO_UNUSED","Only referenced by removed TailAdmin route/view/component graph; no active Besofton route, view, Blade component, Vite entry or import."
"resources/views/components/header/notification-dropdown.blade.php","DEMO_UNUSED","Only referenced by removed TailAdmin route/view/component graph; no active Besofton route, view, Blade component, Vite entry or import."
"resources/views/components/header/user-dropdown.blade.php","DEMO_UNUSED","Only referenced by removed TailAdmin route/view/component graph; no active Besofton route, view, Blade component, Vite entry or import."
"resources/views/components/profile/address-card.blade.php","DEMO_UNUSED","Only referenced by removed TailAdmin route/view/component graph; no active Besofton route, view, Blade component, Vite entry or import."
"resources/views/components/profile/personal-info-card.blade.php","DEMO_UNUSED","Only referenced by removed TailAdmin route/view/component graph; no active Besofton route, view, Blade component, Vite entry or import."
"resources/views/components/profile/profile-card.blade.php","DEMO_UNUSED","Only referenced by removed TailAdmin route/view/component graph; no active Besofton route, view, Blade component, Vite entry or import."
"resources/views/components/tables/basic-tables/basic-tables-five.blade.php","DEMO_UNUSED","Only referenced by removed TailAdmin route/view/component graph; no active Besofton route, view, Blade component, Vite entry or import."
"resources/views/components/tables/basic-tables/basic-tables-four.blade.php","DEMO_UNUSED","Only referenced by removed TailAdmin route/view/component graph; no active Besofton route, view, Blade component, Vite entry or import."
"resources/views/components/tables/basic-tables/basic-tables-one.blade.php","DEMO_UNUSED","Only referenced by removed TailAdmin route/view/component graph; no active Besofton route, view, Blade component, Vite entry or import."
"resources/views/components/tables/basic-tables/basic-tables-three.blade.php","DEMO_UNUSED","Only referenced by removed TailAdmin route/view/component graph; no active Besofton route, view, Blade component, Vite entry or import."
"resources/views/components/tables/basic-tables/basic-tables-two.blade.php","DEMO_UNUSED","Only referenced by removed TailAdmin route/view/component graph; no active Besofton route, view, Blade component, Vite entry or import."
"resources/views/components/ui/alert.blade.php","DEMO_UNUSED","Only referenced by removed TailAdmin route/view/component graph; no active Besofton route, view, Blade component, Vite entry or import."
"resources/views/components/ui/avatar.blade.php","DEMO_UNUSED","Only referenced by removed TailAdmin route/view/component graph; no active Besofton route, view, Blade component, Vite entry or import."
"resources/views/components/ui/badge.blade.php","DEMO_UNUSED","Only referenced by removed TailAdmin route/view/component graph; no active Besofton route, view, Blade component, Vite entry or import."
"resources/views/components/ui/button.blade.php","DEMO_UNUSED","Only referenced by removed TailAdmin route/view/component graph; no active Besofton route, view, Blade component, Vite entry or import."
"resources/views/components/ui/modal.blade.php","DEMO_UNUSED","Only referenced by removed TailAdmin route/view/component graph; no active Besofton route, view, Blade component, Vite entry or import."
"resources/views/components/ui/youtube-embed.blade.php","DEMO_UNUSED","Only referenced by removed TailAdmin route/view/component graph; no active Besofton route, view, Blade component, Vite entry or import."
"resources/views/layouts/app.blade.php","DEMO_UNUSED","Only referenced by removed TailAdmin route/view/component graph; no active Besofton route, view, Blade component, Vite entry or import."
"resources/views/layouts/app-header.blade.php","DEMO_UNUSED","Only referenced by removed TailAdmin route/view/component graph; no active Besofton route, view, Blade component, Vite entry or import."
"resources/views/layouts/backdrop.blade.php","DEMO_UNUSED","Only referenced by removed TailAdmin route/view/component graph; no active Besofton route, view, Blade component, Vite entry or import."
"resources/views/layouts/fullscreen-layout.blade.php","DEMO_UNUSED","Only referenced by removed TailAdmin route/view/component graph; no active Besofton route, view, Blade component, Vite entry or import."
"resources/views/layouts/sidebar.blade.php","DEMO_UNUSED","Only referenced by removed TailAdmin route/view/component graph; no active Besofton route, view, Blade component, Vite entry or import."
"resources/views/layouts/sidebar-widget.blade.php","DEMO_UNUSED","Only referenced by removed TailAdmin route/view/component graph; no active Besofton route, view, Blade component, Vite entry or import."
"resources/views/pages/auth/signin.blade.php","DEMO_UNUSED","Only referenced by removed TailAdmin route/view/component graph; no active Besofton route, view, Blade component, Vite entry or import."
"resources/views/pages/auth/signup.blade.php","DEMO_UNUSED","Only referenced by removed TailAdmin route/view/component graph; no active Besofton route, view, Blade component, Vite entry or import."
"resources/views/pages/blank.blade.php","DEMO_UNUSED","Only referenced by removed TailAdmin route/view/component graph; no active Besofton route, view, Blade component, Vite entry or import."
"resources/views/pages/calender.blade.php","DEMO_UNUSED","Only referenced by removed TailAdmin route/view/component graph; no active Besofton route, view, Blade component, Vite entry or import."
"resources/views/pages/campaign/index.blade.php","DEMO_UNUSED","Only referenced by removed TailAdmin route/view/component graph; no active Besofton route, view, Blade component, Vite entry or import."
"resources/views/pages/chart/bar-chart.blade.php","DEMO_UNUSED","Only referenced by removed TailAdmin route/view/component graph; no active Besofton route, view, Blade component, Vite entry or import."
"resources/views/pages/chart/line-chart.blade.php","DEMO_UNUSED","Only referenced by removed TailAdmin route/view/component graph; no active Besofton route, view, Blade component, Vite entry or import."
"resources/views/pages/dashboard/ecommerce.blade.php","DEMO_UNUSED","Only referenced by removed TailAdmin route/view/component graph; no active Besofton route, view, Blade component, Vite entry or import."
"resources/views/pages/donatur/index.blade.php","DEMO_UNUSED","Only referenced by removed TailAdmin route/view/component graph; no active Besofton route, view, Blade component, Vite entry or import."
"resources/views/pages/errors/error-404.blade.php","DEMO_UNUSED","Only referenced by removed TailAdmin route/view/component graph; no active Besofton route, view, Blade component, Vite entry or import."
"resources/views/pages/favorit/analisis-donatur.blade.php","DEMO_UNUSED","Only referenced by removed TailAdmin route/view/component graph; no active Besofton route, view, Blade component, Vite entry or import."
"resources/views/pages/favorit/dashboard-eksekutif.blade.php","DEMO_UNUSED","Only referenced by removed TailAdmin route/view/component graph; no active Besofton route, view, Blade component, Vite entry or import."
"resources/views/pages/favorit/performa-kanal.blade.php","DEMO_UNUSED","Only referenced by removed TailAdmin route/view/component graph; no active Besofton route, view, Blade component, Vite entry or import."
"resources/views/pages/favorit/realtime-monitor.blade.php","DEMO_UNUSED","Only referenced by removed TailAdmin route/view/component graph; no active Besofton route, view, Blade component, Vite entry or import."
"resources/views/pages/form/form-elements.blade.php","DEMO_UNUSED","Only referenced by removed TailAdmin route/view/component graph; no active Besofton route, view, Blade component, Vite entry or import."
"resources/views/pages/kanal/index.blade.php","DEMO_UNUSED","Only referenced by removed TailAdmin route/view/component graph; no active Besofton route, view, Blade component, Vite entry or import."
"resources/views/pages/laporan/index.blade.php","DEMO_UNUSED","Only referenced by removed TailAdmin route/view/component graph; no active Besofton route, view, Blade component, Vite entry or import."
"resources/views/pages/profile.blade.php","DEMO_UNUSED","Only referenced by removed TailAdmin route/view/component graph; no active Besofton route, view, Blade component, Vite entry or import."
"resources/views/pages/program/index.blade.php","DEMO_UNUSED","Only referenced by removed TailAdmin route/view/component graph; no active Besofton route, view, Blade component, Vite entry or import."
"resources/views/pages/tables/basic-tables.blade.php","DEMO_UNUSED","Only referenced by removed TailAdmin route/view/component graph; no active Besofton route, view, Blade component, Vite entry or import."
"resources/views/pages/ui-elements/alerts.blade.php","DEMO_UNUSED","Only referenced by removed TailAdmin route/view/component graph; no active Besofton route, view, Blade component, Vite entry or import."
"resources/views/pages/ui-elements/avatars.blade.php","DEMO_UNUSED","Only referenced by removed TailAdmin route/view/component graph; no active Besofton route, view, Blade component, Vite entry or import."
"resources/views/pages/ui-elements/badges.blade.php","DEMO_UNUSED","Only referenced by removed TailAdmin route/view/component graph; no active Besofton route, view, Blade component, Vite entry or import."
"resources/views/pages/ui-elements/buttons.blade.php","DEMO_UNUSED","Only referenced by removed TailAdmin route/view/component graph; no active Besofton route, view, Blade component, Vite entry or import."
"resources/views/pages/ui-elements/images.blade.php","DEMO_UNUSED","Only referenced by removed TailAdmin route/view/component graph; no active Besofton route, view, Blade component, Vite entry or import."
"resources/views/pages/ui-elements/videos.blade.php","DEMO_UNUSED","Only referenced by removed TailAdmin route/view/component graph; no active Besofton route, view, Blade component, Vite entry or import."
"vite.config.js","USED","Active application entrypoint or referenced asset."
